start_time,Distance (in),Experiment,end_time,competing airflow (m/s),Fan,shroud,spacing (in),push filters,pull filters,filepath,Speed dial (%),visor
2023-03-26 21:34:45.239273,4,"blower, 1 QT3 HEPA, NCAF",3/10/2023 9:46:33,False,blower,False,2.0,1 QT3 HEPA,,../air_cleaner_data/2023-03-10_09-24-21-SPS3x_C508CCF167AD3911.edf,,
2023-03-26 21:39:29.013405,4,"blower, 1 QT3 HEPA, NCAF",2023-03-26 21:39:36.282274,False,blower,False,2.0,1 QT3 HEPA,,../air_cleaner_data/2023-03-10_09-24-21-SPS3x_C508CCF167AD3911.edf,,
2023-06-12 13:01:22.083800,2,"2 QT3, NF-F12 iPPC-3000 full speed",2023-06-12 13:02:28.077759,,NF-F12 iPPC-3000 Industrial,False,,2 QT3 HEPA,,../air_cleaner_data/2023-06-12_08:46:02.198914.csv,,
2023-06-12 13:03:29.802904,4,"2 QT3, NF-F12 iPPC-3000 full speed",2023-06-12 13:04:10.674973,,NF-F12 iPPC-3000 Industrial,False,,2 QT3 HEPA,,../air_cleaner_data/2023-06-12_08:46:02.198914.csv,,
2023-06-12 13:04:55.906925,6,"2 QT3, NF-F12 iPPC-3000 full speed",2023-06-12 13:05:33.750074,,NF-F12 iPPC-3000 Industrial,False,,2 QT3 HEPA,,../air_cleaner_data/2023-06-12_08:46:02.198914.csv,,
2023-06-12 13:06:33.252090,8,"2 QT3, NF-F12 iPPC-3000 full speed",2023-06-12 13:07:15.450926,,NF-F12 iPPC-3000 Industrial,False,,2 QT3 HEPA,,../air_cleaner_data/2023-06-12_08:46:02.198914.csv,,
2023-06-12 13:08:23.883684,10,"2 QT3, NF-F12 iPPC-3000 full speed",2023-06-12 13:08:56.154280,,NF-F12 iPPC-3000 Industrial,False,,2 QT3 HEPA,,../air_cleaner_data/2023-06-12_08:46:02.198914.csv,,
2023-06-12 13:09:45.731705,12,"2 QT3, NF-F12 iPPC-3000 full speed",2023-06-12 13:10:26.333287,,NF-F12 iPPC-3000 Industrial,False,,2 QT3 HEPA,,../air_cleaner_data/2023-06-12_08:46:02.198914.csv,,
2023-06-12 13:11:34.925320,14,"2 QT3, NF-F12 iPPC-3000 full speed",2023-06-12 13:12:05.882894,,NF-F12 iPPC-3000 Industrial,False,,2 QT3 HEPA,,../air_cleaner_data/2023-06-12_08:46:02.198914.csv,,
2023-06-12 13:13:03.965974,16,"2 QT3, NF-F12 iPPC-3000 full speed",2023-06-12 13:13:37.847222,,NF-F12 iPPC-3000 Industrial,False,,2 QT3 HEPA,,../air_cleaner_data/2023-06-12_08:46:02.198914.csv,,
2023-06-12 13:14:33.425910,18,"2 QT3, NF-F12 iPPC-3000 full speed",2023-06-12 13:15:03.004830,,NF-F12 iPPC-3000 Industrial,False,,2 QT3 HEPA,,../air_cleaner_data/2023-06-12_08:46:02.198914.csv,,
2023-06-12 13:17:48.460449,18,"2 QT3, NF-F12 iPPC-3000 2/3 speed",2023-06-12 13:18:21.972339,,NF-F12 iPPC-3000 Industrial,False,,2 QT3 HEPA,,../air_cleaner_data/2023-06-12_08:46:02.198914.csv,,
2023-06-12 13:19:32.579285,16,"2 QT3, NF-F12 iPPC-3000 2/3 speed",2023-06-12 13:20:12.150471,,NF-F12 iPPC-3000 Industrial,False,,2 QT3 HEPA,,../air_cleaner_data/2023-06-12_08:46:02.198914.csv,,
2023-06-12 13:21:05.533087,14,"2 QT3, NF-F12 iPPC-3000 2/3 speed",2023-06-12 13:21:50.890100,,NF-F12 iPPC-3000 Industrial,False,,2 QT3 HEPA,,../air_cleaner_data/2023-06-12_08:46:02.198914.csv,,
2023-06-12 13:22:22.867664,12,"2 QT3, NF-F12 iPPC-3000 2/3 speed",2023-06-12 13:23:12.252841,,NF-F12 iPPC-3000 Industrial,False,,2 QT3 HEPA,,../air_cleaner_data/2023-06-12_08:46:02.198914.csv,,
2023-06-12 13:24:11.853158,10,"2 QT3, NF-F12 iPPC-3000 2/3 speed",2023-06-12 13:24:43.305224,,NF-F12 iPPC-3000 Industrial,False,,2 QT3 HEPA,,../air_cleaner_data/2023-06-12_08:46:02.198914.csv,,
2023-06-12 13:25:20.550137,8,"2 QT3, NF-F12 iPPC-3000 2/3 speed",2023-06-12 13:25:57.291159,,NF-F12 iPPC-3000 Industrial,False,,2 QT3 HEPA,,../air_cleaner_data/2023-06-12_08:46:02.198914.csv,,
2023-06-12 13:26:34.278347,6,"2 QT3, NF-F12 iPPC-3000 2/3 speed",2023-06-12 13:27:07.877465,,NF-F12 iPPC-3000 Industrial,False,,2 QT3 HEPA,,../air_cleaner_data/2023-06-12_08:46:02.198914.csv,,
2023-06-12 13:27:45.731652,4,"2 QT3, NF-F12 iPPC-3000 2/3 speed",2023-06-12 13:28:30.775306,,NF-F12 iPPC-3000 Industrial,False,,2 QT3 HEPA,,../air_cleaner_data/2023-06-12_08:46:02.198914.csv,,
2023-06-12 13:29:03.233869,2,"2 QT3, NF-F12 iPPC-3000 2/3 speed",2023-06-12 13:29:33.428385,,NF-F12 iPPC-3000 Industrial,False,,2 QT3 HEPA,,../air_cleaner_data/2023-06-12_08:46:02.198914.csv,,
2023-07-05 06:31:30.538648,2,"1 QT3, NF-F12 iPPC-3000 2/3 speed",2023-07-05 06:31:57.604389,,NF-F12 iPPC-3000 Industrial,False,,1 QT3 HEPA,,/Users/eugaddan/Developer/breathesafe/python/air_cleaner_data/2023-07-05_02:02:47.819653.csv,,
2023-07-05 06:33:22.976886,4,"1 QT3, NF-F12 iPPC-3000 2/3 speed",2023-07-05 06:34:17.983704,,NF-F12 iPPC-3000 Industrial,False,,1 QT3 HEPA,,/Users/eugaddan/Developer/breathesafe/python/air_cleaner_data/2023-07-05_02:02:47.819653.csv,,
2023-07-05 06:35:07.489442,6,"1 QT3, NF-F12 iPPC-3000 2/3 speed",2023-07-05 06:35:40.390943,,NF-F12 iPPC-3000 Industrial,False,,1 QT3 HEPA,,/Users/eugaddan/Developer/breathesafe/python/air_cleaner_data/2023-07-05_02:02:47.819653.csv,,
2023-07-05 06:36:23.235398,8,"1 QT3, NF-F12 iPPC-3000 2/3 speed",2023-07-05 06:37:04.714598,,NF-F12 iPPC-3000 Industrial,False,,1 QT3 HEPA,,/Users/eugaddan/Developer/breathesafe/python/air_cleaner_data/2023-07-05_02:02:47.819653.csv,,
2023-07-05 06:41:07.358627,10,"1 QT3, NF-F12 iPPC-3000 2/3 speed",2023-07-05 06:41:39.230507,,NF-F12 iPPC-3000 Industrial,False,,1 QT3 HEPA,,/Users/eugaddan/Developer/breathesafe/python/air_cleaner_data/2023-07-05_02:02:47.819653.csv,,
2023-07-05 06:42:53.328288,12,"1 QT3, NF-F12 iPPC-3000 2/3 speed",2023-07-05 06:43:24.242514,,NF-F12 iPPC-3000 Industrial,False,,1 QT3 HEPA,,/Users/eugaddan/Developer/breathesafe/python/air_cleaner_data/2023-07-05_02:02:47.819653.csv,,
2023-07-05 06:44:51.825950,14,"1 QT3, NF-F12 iPPC-3000 2/3 speed",2023-07-05 06:45:27.631332,,NF-F12 iPPC-3000 Industrial,False,,1 QT3 HEPA,,/Users/eugaddan/Developer/breathesafe/python/air_cleaner_data/2023-07-05_02:02:47.819653.csv,,
2023-07-05 06:46:56.575481,16,"1 QT3, NF-F12 iPPC-3000 2/3 speed",2023-07-05 06:47:27.972109,,NF-F12 iPPC-3000 Industrial,False,,1 QT3 HEPA,,/Users/eugaddan/Developer/breathesafe/python/air_cleaner_data/2023-07-05_02:02:47.819653.csv,,
2023-07-05 06:48:09.302357,18,"1 QT3, NF-F12 iPPC-3000 2/3 speed",2023-07-05 06:48:31.518170,,NF-F12 iPPC-3000 Industrial,False,,1 QT3 HEPA,,/Users/eugaddan/Developer/breathesafe/python/air_cleaner_data/2023-07-05_02:02:47.819653.csv,,
2023-07-05 06:49:46.140337,18,"1 QT3, NF-F12 iPPC-3000 full speed",2023-07-05 06:50:31.568171,,NF-F12 iPPC-3000 Industrial,False,,1 QT3 HEPA,,/Users/eugaddan/Developer/breathesafe/python/air_cleaner_data/2023-07-05_02:02:47.819653.csv,,
2023-07-05 06:51:09.457901,16,"1 QT3, NF-F12 iPPC-3000 full speed",2023-07-05 06:51:33.194697,,NF-F12 iPPC-3000 Industrial,False,,1 QT3 HEPA,,/Users/eugaddan/Developer/breathesafe/python/air_cleaner_data/2023-07-05_02:02:47.819653.csv,,
2023-07-05 06:52:21.098626,14,"1 QT3, NF-F12 iPPC-3000 full speed",2023-07-05 06:52:46.625562,,NF-F12 iPPC-3000 Industrial,False,,1 QT3 HEPA,,/Users/eugaddan/Developer/breathesafe/python/air_cleaner_data/2023-07-05_02:02:47.819653.csv,,
2023-07-05 06:53:33.276876,12,"1 QT3, NF-F12 iPPC-3000 full speed",2023-07-05 06:54:03.260723,,NF-F12 iPPC-3000 Industrial,False,,1 QT3 HEPA,,/Users/eugaddan/Developer/breathesafe/python/air_cleaner_data/2023-07-05_02:02:47.819653.csv,,
2023-07-05 06:54:45.058061,10,"1 QT3, NF-F12 iPPC-3000 full speed",2023-07-05 06:55:12.244760,,NF-F12 iPPC-3000 Industrial,False,,1 QT3 HEPA,,/Users/eugaddan/Developer/breathesafe/python/air_cleaner_data/2023-07-05_02:02:47.819653.csv,,
2023-07-05 06:55:59.774936,8,"1 QT3, NF-F12 iPPC-3000 full speed",2023-07-05 06:56:33.825374,,NF-F12 iPPC-3000 Industrial,False,,1 QT3 HEPA,,/Users/eugaddan/Developer/breathesafe/python/air_cleaner_data/2023-07-05_02:02:47.819653.csv,,
2023-07-05 06:56:55.012391,6,"1 QT3, NF-F12 iPPC-3000 full speed",2023-07-05 06:57:17.860697,,NF-F12 iPPC-3000 Industrial,False,,1 QT3 HEPA,,/Users/eugaddan/Developer/breathesafe/python/air_cleaner_data/2023-07-05_02:02:47.819653.csv,,
2023-07-05 06:57:46.594634,4,"1 QT3, NF-F12 iPPC-3000 full speed",2023-07-05 06:58:27.918645,,NF-F12 iPPC-3000 Industrial,False,,1 QT3 HEPA,,/Users/eugaddan/Developer/breathesafe/python/air_cleaner_data/2023-07-05_02:02:47.819653.csv,,
2023-07-05 06:58:55.000622,2,"1 QT3, NF-F12 iPPC-3000 full speed",2023-07-05 06:59:32.106642,,NF-F12 iPPC-3000 Industrial,False,,1 QT3 HEPA,,/Users/eugaddan/Developer/breathesafe/python/air_cleaner_data/2023-07-05_02:02:47.819653.csv,,
2023-07-05 07:03:01.075190,2,"2 QT3, 2 Arctic P12 Max 2/3 speed",2023-07-05 07:03:34.778897,,2 Arctic P12 Max,False,,2 QT3 HEPA,,/Users/eugaddan/Developer/breathesafe/python/air_cleaner_data/2023-07-05_02:02:47.819653.csv,,
2023-07-05 07:04:11.750301,4,"2 QT3, 2 Arctic P12 Max 2/3 speed",2023-07-05 07:04:37.041217,,2 Arctic P12 Max,False,,2 QT3 HEPA,,/Users/eugaddan/Developer/breathesafe/python/air_cleaner_data/2023-07-05_02:02:47.819653.csv,,
2023-07-05 07:05:28.089624,6,"2 QT3, 2 Arctic P12 Max 2/3 speed",2023-07-05 07:06:04.486837,,2 Arctic P12 Max,False,,2 QT3 HEPA,,/Users/eugaddan/Developer/breathesafe/python/air_cleaner_data/2023-07-05_02:02:47.819653.csv,,
2023-07-05 07:06:57.098457,8,"2 QT3, 2 Arctic P12 Max 2/3 speed",2023-07-05 07:07:42.252278,,2 Arctic P12 Max,False,,2 QT3 HEPA,,/Users/eugaddan/Developer/breathesafe/python/air_cleaner_data/2023-07-05_02:02:47.819653.csv,,
2023-07-05 07:08:49.910406,10,"2 QT3, 2 Arctic P12 Max 2/3 speed",2023-07-05 07:09:34.237593,,2 Arctic P12 Max,False,,2 QT3 HEPA,,/Users/eugaddan/Developer/breathesafe/python/air_cleaner_data/2023-07-05_02:02:47.819653.csv,,
2023-07-05 07:11:41.849657,12,"2 QT3, 2 Arctic P12 Max 2/3 speed",2023-07-05 07:12:16.135931,,2 Arctic P12 Max,False,,2 QT3 HEPA,,/Users/eugaddan/Developer/breathesafe/python/air_cleaner_data/2023-07-05_02:02:47.819653.csv,,
2023-07-05 07:12:57.480168,14,"2 QT3, 2 Arctic P12 Max 2/3 speed",2023-07-05 07:13:47.281035,,2 Arctic P12 Max,False,,2 QT3 HEPA,,/Users/eugaddan/Developer/breathesafe/python/air_cleaner_data/2023-07-05_02:02:47.819653.csv,,
2023-07-05 07:14:42.752245,16,"2 QT3, 2 Arctic P12 Max 2/3 speed",2023-07-05 07:15:25.037257,,2 Arctic P12 Max,False,,2 QT3 HEPA,,/Users/eugaddan/Developer/breathesafe/python/air_cleaner_data/2023-07-05_02:02:47.819653.csv,,
2023-07-05 07:16:33.049900,18,"2 QT3, 2 Arctic P12 Max 2/3 speed",2023-07-05 07:17:17.977376,,2 Arctic P12 Max,False,,2 QT3 HEPA,,/Users/eugaddan/Developer/breathesafe/python/air_cleaner_data/2023-07-05_02:02:47.819653.csv,,
2023-07-05 07:18:03.295564,18,"2 QT3, 2 Arctic P12 Max full speed",2023-07-05 07:18:43.907640,,2 Arctic P12 Max,False,,2 QT3 HEPA,,/Users/eugaddan/Developer/breathesafe/python/air_cleaner_data/2023-07-05_02:02:47.819653.csv,,
2023-07-05 07:19:33.403759,16,"2 QT3, 2 Arctic P12 Max full speed",2023-07-05 07:20:10.192466,,2 Arctic P12 Max,False,,2 QT3 HEPA,,/Users/eugaddan/Developer/breathesafe/python/air_cleaner_data/2023-07-05_02:02:47.819653.csv,,
2023-07-05 07:20:58.193724,14,"2 QT3, 2 Arctic P12 Max full speed",2023-07-05 07:21:35.097885,,2 Arctic P12 Max,False,,2 QT3 HEPA,,/Users/eugaddan/Developer/breathesafe/python/air_cleaner_data/2023-07-05_02:02:47.819653.csv,,
2023-07-05 07:22:01.037778,12,"2 QT3, 2 Arctic P12 Max full speed",2023-07-05 07:22:31.284341,,2 Arctic P12 Max,False,,2 QT3 HEPA,,/Users/eugaddan/Developer/breathesafe/python/air_cleaner_data/2023-07-05_02:02:47.819653.csv,,
2023-07-05 07:23:13.308367,10,"2 QT3, 2 Arctic P12 Max full speed",2023-07-05 07:23:54.355083,,2 Arctic P12 Max,False,,2 QT3 HEPA,,/Users/eugaddan/Developer/breathesafe/python/air_cleaner_data/2023-07-05_02:02:47.819653.csv,,
2023-07-05 07:24:55.860572,8,"2 QT3, 2 Arctic P12 Max full speed",2023-07-05 07:25:36.004055,,2 Arctic P12 Max,False,,2 QT3 HEPA,,/Users/eugaddan/Developer/breathesafe/python/air_cleaner_data/2023-07-05_02:02:47.819653.csv,,
2023-07-05 07:26:22.225821,8,"2 QT3, 2 Arctic P12 Max full speed",2023-07-05 07:25:36.004055,,2 Arctic P12 Max,False,,2 QT3 HEPA,,/Users/eugaddan/Developer/breathesafe/python/air_cleaner_data/2023-07-05_02:02:47.819653.csv,,
2023-07-05 07:27:26.249944,6,"2 QT3, 2 Arctic P12 Max full speed",2023-07-05 07:27:40.580252,,2 Arctic P12 Max,False,,2 QT3 HEPA,,/Users/eugaddan/Developer/breathesafe/python/air_cleaner_data/2023-07-05_02:02:47.819653.csv,,
2023-07-05 07:28:57.353255,6,"2 QT3, 2 Arctic P12 Max full speed",2023-07-05 07:29:49.275484,,2 Arctic P12 Max,False,,2 QT3 HEPA,,/Users/eugaddan/Developer/breathesafe/python/air_cleaner_data/2023-07-05_02:02:47.819653.csv,,
2023-07-05 07:30:35.375689,4,"2 QT3, 2 Arctic P12 Max full speed",2023-07-05 07:31:16.078881,,2 Arctic P12 Max,False,,2 QT3 HEPA,,/Users/eugaddan/Developer/breathesafe/python/air_cleaner_data/2023-07-05_02:02:47.819653.csv,,
2023-07-05 07:32:03.163579,2,"2 QT3, 2 Arctic P12 Max full speed",2023-07-05 07:32:40.201659,,2 Arctic P12 Max,False,,2 QT3 HEPA,,/Users/eugaddan/Developer/breathesafe/python/air_cleaner_data/2023-07-05_02:02:47.819653.csv,,
2023-07-25 13:15:33.454026,2,"AirGo M, full speed",2023-07-25 13:16:41.212301,,1 Arctic P12 Max,False,,2 QT3 HEPA,,/Users/eugaddan/Developer/breathesafe/python/air_cleaner_data/2023-07-25_09:10:29.743125.csv,,
2023-07-25 13:17:22.919932,2,"AirGo M, full speed",2023-07-25 13:18:04.701322,,1 Arctic P12 Max,False,,2 QT3 HEPA,,/Users/eugaddan/Developer/breathesafe/python/air_cleaner_data/2023-07-25_09:10:29.743125.csv,,
2023-07-25 13:19:04.422233,4,"AirGo M, full speed",2023-07-25 13:20:18.274848,,1 Arctic P12 Max,False,,2 QT3 HEPA,,/Users/eugaddan/Developer/breathesafe/python/air_cleaner_data/2023-07-25_09:10:29.743125.csv,,
2023-07-25 13:22:04.666347,6,"AirGo M, full speed",2023-07-25 13:23:29.006429,,1 Arctic P12 Max,False,,2 QT3 HEPA,,/Users/eugaddan/Developer/breathesafe/python/air_cleaner_data/2023-07-25_09:10:29.743125.csv,,
2023-07-25 13:24:21.392406,8,"AirGo M, full speed",2023-07-25 13:24:58.532613,,1 Arctic P12 Max,False,,2 QT3 HEPA,,/Users/eugaddan/Developer/breathesafe/python/air_cleaner_data/2023-07-25_09:10:29.743125.csv,,
2023-07-25 13:33:02.308968,10,"AirGo M, full speed",2023-07-25 13:33:52.909449,,1 Arctic P12 Max,False,,2 QT3 HEPA,,/Users/eugaddan/Developer/breathesafe/python/air_cleaner_data/2023-07-25_09:10:29.743125.csv,,
2023-07-25 13:34:57.670764,12,"AirGo M, full speed",2023-07-25 13:35:48.959722,,1 Arctic P12 Max,False,,2 QT3 HEPA,,/Users/eugaddan/Developer/breathesafe/python/air_cleaner_data/2023-07-25_09:10:29.743125.csv,,
2023-07-25 13:37:59.920563,14,"AirGo M, full speed",2023-07-25 13:38:53.922689,,1 Arctic P12 Max,False,,2 QT3 HEPA,,/Users/eugaddan/Developer/breathesafe/python/air_cleaner_data/2023-07-25_09:10:29.743125.csv,,
2023-07-25 13:40:15.511108,16,"AirGo M, full speed",2023-07-25 13:40:59.749868,,1 Arctic P12 Max,False,,2 QT3 HEPA,,/Users/eugaddan/Developer/breathesafe/python/air_cleaner_data/2023-07-25_09:10:29.743125.csv,,
2023-07-25 13:40:15.511108,16,"AirGo M, full speed",2023-07-25 13:40:59.749868,,1 Arctic P12 Max,False,,2 QT3 HEPA,,/Users/eugaddan/Developer/breathesafe/python/air_cleaner_data/2023-07-25_09:10:29.743125.csv,,
2023-07-25 13:42:03.015917,18,"AirGo M, full speed",2023-07-25 13:42:57.604479,,1 Arctic P12 Max,False,,2 QT3 HEPA,,/Users/eugaddan/Developer/breathesafe/python/air_cleaner_data/2023-07-25_09:10:29.743125.csv,,
2023-07-25 13:50:19.134333,20,"AirGo M, full speed",2023-07-25 13:51:06.002641,,1 Arctic P12 Max,False,,2 QT3 HEPA,,/Users/eugaddan/Developer/breathesafe/python/air_cleaner_data/2023-07-25_09:10:29.743125.csv,,
2023-07-25 13:52:23.473410,22,"AirGo M, full speed",2023-07-25 13:52:56.726499,,1 Arctic P12 Max,False,,2 QT3 HEPA,,/Users/eugaddan/Developer/breathesafe/python/air_cleaner_data/2023-07-25_09:10:29.743125.csv,,
2023-07-25 13:54:18.209894,24,"AirGo M, full speed",2023-07-25 13:52:56.726499,,1 Arctic P12 Max,False,,2 QT3 HEPA,,/Users/eugaddan/Developer/breathesafe/python/air_cleaner_data/2023-07-25_09:10:29.743125.csv,,
2023-07-25 13:55:12.416290,24,"AirGo M, full speed",2023-07-25 13:55:53.055638,,1 Arctic P12 Max,False,,2 QT3 HEPA,,/Users/eugaddan/Developer/breathesafe/python/air_cleaner_data/2023-07-25_09:10:29.743125.csv,,
2023-07-25 13:57:58.722265,24,SmartAir QT3,2023-07-25 13:58:34.184437,,QT3,False,,QT3,,/Users/eugaddan/Developer/breathesafe/python/air_cleaner_data/2023-07-25_09:10:29.743125.csv,,
2023-07-25 13:59:30.162385,22,SmartAir QT3,2023-07-25 14:00:07.672029,,QT3,False,,QT3,,/Users/eugaddan/Developer/breathesafe/python/air_cleaner_data/2023-07-25_09:10:29.743125.csv,,
2023-07-25 14:00:59.243745,20,SmartAir QT3,2023-07-25 14:01:38.071950,,QT3,False,,QT3,,/Users/eugaddan/Developer/breathesafe/python/air_cleaner_data/2023-07-25_09:10:29.743125.csv,,
2023-07-25 14:02:25.315260,18,SmartAir QT3,2023-07-25 14:01:38.071950,,QT3,False,,QT3,,/Users/eugaddan/Developer/breathesafe/python/air_cleaner_data/2023-07-25_09:10:29.743125.csv,,
2023-07-25 14:04:03.074579,16,SmartAir QT3,2023-07-25 14:04:38.162425,,QT3,False,,QT3,,/Users/eugaddan/Developer/breathesafe/python/air_cleaner_data/2023-07-25_09:10:29.743125.csv,,
2023-07-25 14:05:25.870691,14,SmartAir QT3,2023-07-25 14:06:08.074331,,QT3,False,,QT3,,/Users/eugaddan/Developer/breathesafe/python/air_cleaner_data/2023-07-25_09:10:29.743125.csv,,
2023-07-25 14:07:11.598005,12,SmartAir QT3,2023-07-25 14:07:52.517271,,QT3,False,,QT3,,/Users/eugaddan/Developer/breathesafe/python/air_cleaner_data/2023-07-25_09:10:29.743125.csv,,
2023-07-25 14:08:33.743550,10,SmartAir QT3,2023-07-25 14:09:01.710799,,QT3,False,,QT3,,/Users/eugaddan/Developer/breathesafe/python/air_cleaner_data/2023-07-25_09:10:29.743125.csv,,
2023-07-25 14:10:07.151684,8,SmartAir QT3,2023-07-25 14:10:41.966350,,QT3,False,,QT3,,/Users/eugaddan/Developer/breathesafe/python/air_cleaner_data/2023-07-25_09:10:29.743125.csv,,
2023-07-25 14:11:46.766953,6,SmartAir QT3,2023-07-25 14:12:46.339218,,QT3,False,,QT3,,/Users/eugaddan/Developer/breathesafe/python/air_cleaner_data/2023-07-25_09:10:29.743125.csv,,
2023-07-25 14:13:32.805115,4,SmartAir QT3,2023-07-25 14:13:54.398464,,QT3,False,,QT3,,/Users/eugaddan/Developer/breathesafe/python/air_cleaner_data/2023-07-25_09:10:29.743125.csv,,
2023-07-25 14:13:32.805115,4,SmartAir QT3,2023-07-25 14:13:54.398464,,QT3,False,,QT3,,/Users/eugaddan/Developer/breathesafe/python/air_cleaner_data/2023-07-25_09:10:29.743125.csv,,
2023-07-25 14:15:29.210011,2,SmartAir QT3,2023-07-25 14:15:55.784361,,QT3,False,,QT3,,/Users/eugaddan/Developer/breathesafe/python/air_cleaner_data/2023-07-25_09:10:29.743125.csv,,
2023-07-25 14:18:20.425653,2,"AirGo M, full speed, round 2",2023-07-25 14:18:51.489052,,QT3,False,,QT3,,/Users/eugaddan/Developer/breathesafe/python/air_cleaner_data/2023-07-25_09:10:29.743125.csv,,
2023-07-25 14:20:06.463538,4,"AirGo M, full speed, round 2",2023-07-25 14:20:40.813887,,QT3,False,,QT3,,/Users/eugaddan/Developer/breathesafe/python/air_cleaner_data/2023-07-25_09:10:29.743125.csv,,
2023-07-25 14:21:20.994898,6,"AirGo M, full speed, round 2",2023-07-25 14:21:49.758083,,QT3,False,,QT3,,/Users/eugaddan/Developer/breathesafe/python/air_cleaner_data/2023-07-25_09:10:29.743125.csv,,
2023-07-25 14:22:29.456257,8,"AirGo M, full speed, round 2",2023-07-25 14:22:57.753898,,QT3,False,,QT3,,/Users/eugaddan/Developer/breathesafe/python/air_cleaner_data/2023-07-25_09:10:29.743125.csv,,
2023-07-25 14:23:46.146433,10,"AirGo M, full speed, round 2",2023-07-25 14:24:15.140352,,QT3,False,,QT3,,/Users/eugaddan/Developer/breathesafe/python/air_cleaner_data/2023-07-25_09:10:29.743125.csv,,
2023-07-25 14:25:02.251088,10,"AirGo M, full speed, round 2",2023-07-25 14:25:28.941632,,QT3,False,,QT3,,/Users/eugaddan/Developer/breathesafe/python/air_cleaner_data/2023-07-25_09:10:29.743125.csv,,
2023-07-25 14:26:01.353968,12,"AirGo M, full speed, round 2",2023-07-25 14:26:22.238621,,QT3,False,,QT3,,/Users/eugaddan/Developer/breathesafe/python/air_cleaner_data/2023-07-25_09:10:29.743125.csv,,
2023-07-25 14:26:53.276294,14,"AirGo M, full speed, round 2",2023-07-25 14:27:35.746519,,QT3,False,,QT3,,/Users/eugaddan/Developer/breathesafe/python/air_cleaner_data/2023-07-25_09:10:29.743125.csv,,
2023-07-25 14:28:16.587284,16,"AirGo M, full speed, round 2",2023-07-25 14:28:48.001494,,QT3,False,,QT3,,/Users/eugaddan/Developer/breathesafe/python/air_cleaner_data/2023-07-25_09:10:29.743125.csv,,
2023-07-25 14:29:37.067002,18,"AirGo M, full speed, round 2",2023-07-25 14:30:10.482227,,QT3,False,,QT3,,/Users/eugaddan/Developer/breathesafe/python/air_cleaner_data/2023-07-25_09:10:29.743125.csv,,
2023-07-25 14:31:51.295466,20,"AirGo M, full speed, round 2",2023-07-25 14:32:33.536408,,QT3,False,,QT3,,/Users/eugaddan/Developer/breathesafe/python/air_cleaner_data/2023-07-25_09:10:29.743125.csv,,
2023-07-25 14:33:26.514403,22,"AirGo M, full speed, round 2",2023-07-25 14:34:01.103390,,QT3,False,,QT3,,/Users/eugaddan/Developer/breathesafe/python/air_cleaner_data/2023-07-25_09:10:29.743125.csv,,
2023-07-25 14:34:33.598013,24,"AirGo M, full speed, round 2",2023-07-25 14:35:25.125387,,QT3,False,,QT3,,/Users/eugaddan/Developer/breathesafe/python/air_cleaner_data/2023-07-25_09:10:29.743125.csv,,
2023-07-25 15:19:32.772310,24,"SmartAir QT3, round 2",2023-07-25 15:20:20.747924,,QT3,False,,QT3,,/Users/eugaddan/Developer/breathesafe/python/air_cleaner_data/2023-07-25_11:16:20.358217.csv,,
2023-07-25 15:21:04.688843,22,"SmartAir QT3, round 2",2023-07-25 15:21:31.333636,,QT3,False,,QT3,,/Users/eugaddan/Developer/breathesafe/python/air_cleaner_data/2023-07-25_11:16:20.358217.csv,,
2023-07-25 15:22:11.538350,20,"SmartAir QT3, round 2",2023-07-25 15:22:53.710140,,QT3,False,,QT3,,/Users/eugaddan/Developer/breathesafe/python/air_cleaner_data/2023-07-25_11:16:20.358217.csv,,
2023-07-25 15:23:27.748163,18,"SmartAir QT3, round 2",2023-07-25 15:23:56.457011,,QT3,False,,QT3,,/Users/eugaddan/Developer/breathesafe/python/air_cleaner_data/2023-07-25_11:16:20.358217.csv,,
2023-07-25 15:24:35.154124,16,"SmartAir QT3, round 2",2023-07-25 15:25:15.564020,,QT3,False,,QT3,,/Users/eugaddan/Developer/breathesafe/python/air_cleaner_data/2023-07-25_11:16:20.358217.csv,,
2023-07-25 15:25:41.351333,14,"SmartAir QT3, round 2",2023-07-25 15:26:09.116579,,QT3,False,,QT3,,/Users/eugaddan/Developer/breathesafe/python/air_cleaner_data/2023-07-25_11:16:20.358217.csv,,
2023-07-25 15:26:48.667380,12,"SmartAir QT3, round 2",2023-07-25 15:27:09.560956,,QT3,False,,QT3,,/Users/eugaddan/Developer/breathesafe/python/air_cleaner_data/2023-07-25_11:16:20.358217.csv,,
2023-07-25 15:27:44.578306,10,"SmartAir QT3, round 2",2023-07-25 15:28:13.511453,,QT3,False,,QT3,,/Users/eugaddan/Developer/breathesafe/python/air_cleaner_data/2023-07-25_11:16:20.358217.csv,,
2023-07-25 15:28:37.668410,8,"SmartAir QT3, round 2",2023-07-25 15:28:58.153523,,QT3,False,,QT3,,/Users/eugaddan/Developer/breathesafe/python/air_cleaner_data/2023-07-25_11:16:20.358217.csv,,
2023-07-25 15:29:28.391826,6,"SmartAir QT3, round 2",2023-07-25 15:29:49.753710,,QT3,False,,QT3,,/Users/eugaddan/Developer/breathesafe/python/air_cleaner_data/2023-07-25_11:16:20.358217.csv,,
2023-07-25 15:30:14.226661,4,"SmartAir QT3, round 2",2023-07-25 15:30:34.157628,,QT3,False,,QT3,,/Users/eugaddan/Developer/breathesafe/python/air_cleaner_data/2023-07-25_11:16:20.358217.csv,,
2023-07-25 15:31:02.732325,2,"SmartAir QT3, round 2",2023-07-25 15:31:23.398030,,QT3,False,,QT3,,/Users/eugaddan/Developer/breathesafe/python/air_cleaner_data/2023-07-25_11:16:20.358217.csv,,
2023-07-26 12:54:31.574379,2,"AirGo M, EPA12 filter",2023-07-26 12:54:55.314154,,QT3,False,,EPA 12,,/Users/eugaddan/Developer/breathesafe/python/air_cleaner_data/2023-07-26_08:52:19.021654.csv,,
2023-07-26 12:56:04.993511,4,"AirGo M, EPA12 filter",2023-07-26 12:57:16.289610,,QT3,False,,EPA 12,,/Users/eugaddan/Developer/breathesafe/python/air_cleaner_data/2023-07-26_08:52:19.021654.csv,,
2023-07-26 12:59:07.522343,6,"AirGo M, EPA12 filter",2023-07-26 12:59:41.222713,,QT3,False,,EPA 12,,/Users/eugaddan/Developer/breathesafe/python/air_cleaner_data/2023-07-26_08:52:19.021654.csv,,
2023-07-26 13:00:45.576864,8,"AirGo M, EPA12 filter",2023-07-26 13:01:23.222939,,QT3,False,,EPA 12,,/Users/eugaddan/Developer/breathesafe/python/air_cleaner_data/2023-07-26_08:52:19.021654.csv,,
2023-07-26 13:01:53.745246,10,"AirGo M, EPA12 filter",2023-07-26 13:02:43.242737,,QT3,False,,EPA 12,,/Users/eugaddan/Developer/breathesafe/python/air_cleaner_data/2023-07-26_08:52:19.021654.csv,,
2023-07-26 13:03:15.244961,12,"AirGo M, EPA12 filter",2023-07-26 13:04:02.921770,,QT3,False,,EPA 12,,/Users/eugaddan/Developer/breathesafe/python/air_cleaner_data/2023-07-26_08:52:19.021654.csv,,
2023-07-26 13:04:34.427850,14,"AirGo M, EPA12 filter",2023-07-26 13:05:37.553519,,QT3,False,,EPA 12,,/Users/eugaddan/Developer/breathesafe/python/air_cleaner_data/2023-07-26_08:52:19.021654.csv,,
2023-07-26 13:06:28.187942,16,"AirGo M, EPA12 filter",2023-07-26 13:07:03.574996,,QT3,False,,EPA 12,,/Users/eugaddan/Developer/breathesafe/python/air_cleaner_data/2023-07-26_08:52:19.021654.csv,,
2023-07-26 13:07:50.623289,18,"AirGo M, EPA12 filter",2023-07-26 13:08:49.711874,,QT3,False,,EPA 12,,/Users/eugaddan/Developer/breathesafe/python/air_cleaner_data/2023-07-26_08:52:19.021654.csv,,
2023-07-26 13:07:50.623289,18,"AirGo M, EPA12 filter",2023-07-26 13:08:49.711874,,QT3,False,,EPA 12,,/Users/eugaddan/Developer/breathesafe/python/air_cleaner_data/2023-07-26_08:52:19.021654.csv,,
2023-07-26 13:11:29.258464,20,"AirGo M, EPA12 filter",2023-07-26 13:12:10.053915,,QT3,False,,EPA 12,,/Users/eugaddan/Developer/breathesafe/python/air_cleaner_data/2023-07-26_08:52:19.021654.csv,,
2023-07-26 13:13:09.751878,22,"AirGo M, EPA12 filter",2023-07-26 13:13:49.284062,,QT3,False,,EPA 12,,/Users/eugaddan/Developer/breathesafe/python/air_cleaner_data/2023-07-26_08:52:19.021654.csv,,
2023-07-26 13:14:33.666100,24,"AirGo M, EPA12 filter",2023-07-26 13:15:23.054703,,QT3,False,,EPA 12,,/Users/eugaddan/Developer/breathesafe/python/air_cleaner_data/2023-07-26_08:52:19.021654.csv,,
2023-07-26 13:16:51.597197,2,"AirGo M, EPA12, 75% speed",2023-07-26 13:17:38.153866,,QT3,False,,EPA 12,,/Users/eugaddan/Developer/breathesafe/python/air_cleaner_data/2023-07-26_08:52:19.021654.csv,,
2023-07-26 13:19:27.112348,4,"AirGo M, EPA12, 75% speed",2023-07-26 13:19:52.086537,,QT3,False,,EPA 12,,/Users/eugaddan/Developer/breathesafe/python/air_cleaner_data/2023-07-26_08:52:19.021654.csv,,
2023-07-26 13:20:17.795838,6,"AirGo M, EPA12, 75% speed",2023-07-26 13:20:40.516902,,QT3,False,,EPA 12,,/Users/eugaddan/Developer/breathesafe/python/air_cleaner_data/2023-07-26_08:52:19.021654.csv,,
2023-07-26 13:21:16.774035,8,"AirGo M, EPA12, 75% speed",2023-07-26 13:21:44.697534,,QT3,False,,EPA 12,,/Users/eugaddan/Developer/breathesafe/python/air_cleaner_data/2023-07-26_08:52:19.021654.csv,,
2023-07-26 13:22:22.627601,10,"AirGo M, EPA12, 75% speed",2023-07-26 13:22:47.071562,,QT3,False,,EPA 12,,/Users/eugaddan/Developer/breathesafe/python/air_cleaner_data/2023-07-26_08:52:19.021654.csv,,
2023-07-26 13:23:21.586278,12,"AirGo M, EPA12, 75% speed",2023-07-26 13:23:47.082923,,QT3,False,,EPA 12,,/Users/eugaddan/Developer/breathesafe/python/air_cleaner_data/2023-07-26_08:52:19.021654.csv,,
2023-07-26 13:25:01.420232,14,"AirGo M, EPA12, 75% speed",2023-07-26 13:25:54.379520,,QT3,False,,EPA 12,,/Users/eugaddan/Developer/breathesafe/python/air_cleaner_data/2023-07-26_08:52:19.021654.csv,,
2023-07-26 13:26:40.296764,16,"AirGo M, EPA12, 75% speed",2023-07-26 13:27:14.036348,,QT3,False,,EPA 12,,/Users/eugaddan/Developer/breathesafe/python/air_cleaner_data/2023-07-26_08:52:19.021654.csv,,
2023-07-26 13:27:53.162047,18,"AirGo M, EPA12, 75% speed",2023-07-26 13:28:25.918834,,QT3,False,,EPA 12,,/Users/eugaddan/Developer/breathesafe/python/air_cleaner_data/2023-07-26_08:52:19.021654.csv,,
2023-07-26 13:29:23.379580,20,"AirGo M, EPA12, 75% speed",2023-07-26 13:30:13.507862,,QT3,False,,EPA 12,,/Users/eugaddan/Developer/breathesafe/python/air_cleaner_data/2023-07-26_08:52:19.021654.csv,,
2023-07-26 13:30:42.425406,22,"AirGo M, EPA12, 75% speed",2023-07-26 13:31:12.961492,,QT3,False,,EPA 12,,/Users/eugaddan/Developer/breathesafe/python/air_cleaner_data/2023-07-26_08:52:19.021654.csv,,
2023-07-26 13:30:42.425406,22,"AirGo M, EPA12, 75% speed",2023-07-26 13:31:12.961492,,QT3,False,,EPA 12,,/Users/eugaddan/Developer/breathesafe/python/air_cleaner_data/2023-07-26_08:52:19.021654.csv,,
2023-07-26 13:32:04.097571,24,"AirGo M, EPA12, 75% speed",2023-07-26 13:32:34.783689,,QT3,False,,EPA 12,,/Users/eugaddan/Developer/breathesafe/python/air_cleaner_data/2023-07-26_08:52:19.021654.csv,,
2023-07-30 17:08:17.108422,2,"AirGo M, EPA12, 50% speed",2023-07-30 17:08:52.092228,,QT3,False,,EPA 12,,/Users/eugaddan/Developer/breathesafe/python/air_cleaner_data/2023-07-30_13:05:26.649130.csv,,
2023-07-30 17:09:37.136476,4,"AirGo M, EPA12, 50% speed",2023-07-30 17:10:14.873667,,QT3,False,,EPA 12,,/Users/eugaddan/Developer/breathesafe/python/air_cleaner_data/2023-07-30_13:05:26.649130.csv,,
2023-07-30 17:11:21.926339,6,"AirGo M, EPA12, 50% speed",2023-07-30 17:11:48.899695,,QT3,False,,EPA 12,,/Users/eugaddan/Developer/breathesafe/python/air_cleaner_data/2023-07-30_13:05:26.649130.csv,,
2023-07-30 17:12:28.178090,8,"AirGo M, EPA12, 50% speed",2023-07-30 17:12:56.381070,,QT3,False,,EPA 12,,/Users/eugaddan/Developer/breathesafe/python/air_cleaner_data/2023-07-30_13:05:26.649130.csv,,
2023-07-30 17:12:28.178090,8,"AirGo M, EPA12, 50% speed",2023-07-30 17:12:56.381070,,QT3,False,,EPA 12,,/Users/eugaddan/Developer/breathesafe/python/air_cleaner_data/2023-07-30_13:05:26.649130.csv,,
2023-07-30 17:13:26.024284,10,"AirGo M, EPA12, 50% speed",2023-07-30 17:13:56.971600,,QT3,False,,EPA 12,,/Users/eugaddan/Developer/breathesafe/python/air_cleaner_data/2023-07-30_13:05:26.649130.csv,,
2023-07-30 17:14:41.265140,12,"AirGo M, EPA12, 50% speed",2023-07-30 17:15:23.968237,,QT3,False,,EPA 12,,/Users/eugaddan/Developer/breathesafe/python/air_cleaner_data/2023-07-30_13:05:26.649130.csv,,
2023-07-30 17:15:50.503130,14,"AirGo M, EPA12, 50% speed",2023-07-30 17:16:27.083860,,QT3,False,,EPA 12,,/Users/eugaddan/Developer/breathesafe/python/air_cleaner_data/2023-07-30_13:05:26.649130.csv,,
2023-07-30 17:15:50.503130,14,"AirGo M, EPA12, 50% speed",2023-07-30 17:16:27.083860,,QT3,False,,EPA 12,,/Users/eugaddan/Developer/breathesafe/python/air_cleaner_data/2023-07-30_13:05:26.649130.csv,,
2023-07-30 17:16:56.399028,16,"AirGo M, EPA12, 50% speed",2023-07-30 17:17:29.126929,,QT3,False,,EPA 12,,/Users/eugaddan/Developer/breathesafe/python/air_cleaner_data/2023-07-30_13:05:26.649130.csv,,
2023-07-30 17:18:03.146933,18,"AirGo M, EPA12, 50% speed",2023-07-30 17:18:32.447974,,QT3,False,,EPA 12,,/Users/eugaddan/Developer/breathesafe/python/air_cleaner_data/2023-07-30_13:05:26.649130.csv,,
2023-07-30 17:19:15.078489,20,"AirGo M, EPA12, 50% speed",2023-07-30 17:19:56.160321,,QT3,False,,EPA 12,,/Users/eugaddan/Developer/breathesafe/python/air_cleaner_data/2023-07-30_13:05:26.649130.csv,,
2023-07-30 17:20:33.635770,22,"AirGo M, EPA12, 50% speed",2023-07-30 17:21:07.723323,,QT3,False,,EPA 12,,/Users/eugaddan/Developer/breathesafe/python/air_cleaner_data/2023-07-30_13:05:26.649130.csv,,
2023-07-30 17:22:04.782697,24,"AirGo M, EPA12, 50% speed",2023-07-30 17:22:51.805173,,QT3,False,,EPA 12,,/Users/eugaddan/Developer/breathesafe/python/air_cleaner_data/2023-07-30_13:05:26.649130.csv,,
2023-08-19 19:48:54.454298,7,"AirGo PAPR, no visor, SPS30 7-inches from EPA 12 filter, round 1",2023-08-19 19:51:44.195774,0,GDSTIME 120mm Blower,False,,Starkvind EPA 12 (cut to fit),,/Users/eugaddan/Developer/breathesafe/python/air_cleaner_data/2023-08-19 15:30:21.451556.csv,100.0,False
2023-08-19 19:54:09.515131,7,"AirGo PAPR, no visor, SPS30 7-inches from EPA 12 filter, round 1",2023-08-19 19:54:40.277616,0,GDSTIME 120mm Blower,False,,Starkvind EPA 12 (cut to fit),,/Users/eugaddan/Developer/breathesafe/python/air_cleaner_data/2023-08-19 15:30:21.451556.csv,75.0,False
2023-08-19 19:55:36.464572,7,"AirGo PAPR, no visor, SPS30 7-inches from EPA 12 filter, round 1",2023-08-19 19:56:25.224711,0,GDSTIME 120mm Blower,False,,Starkvind EPA 12 (cut to fit),,/Users/eugaddan/Developer/breathesafe/python/air_cleaner_data/2023-08-19 15:30:21.451556.csv,50.0,False
2023-08-19 19:56:53.584476,7,"AirGo PAPR, no visor, SPS30 7-inches from EPA 12 filter, round 1",2023-08-19 19:57:48.333375,0,GDSTIME 120mm Blower,False,,Starkvind EPA 12 (cut to fit),,/Users/eugaddan/Developer/breathesafe/python/air_cleaner_data/2023-08-19 15:30:21.451556.csv,25.0,False
2023-08-19 19:59:16.748066,7,"AirGo PAPR, no visor, SPS30 7-inches from EPA 12 filter, round 1",2023-08-19 19:59:51.428475,1,GDSTIME 120mm Blower,False,,Starkvind EPA 12 (cut to fit),,/Users/eugaddan/Developer/breathesafe/python/air_cleaner_data/2023-08-19 15:30:21.451556.csv,25.0,False
2023-08-19 20:00:42.180935,7,"AirGo PAPR, no visor, SPS30 7-inches from EPA 12 filter, round 1",2023-08-19 20:01:18.616972,1,GDSTIME 120mm Blower,False,,Starkvind EPA 12 (cut to fit),,/Users/eugaddan/Developer/breathesafe/python/air_cleaner_data/2023-08-19 15:30:21.451556.csv,50.0,False
2023-08-19 20:01:42.938725,7,"AirGo PAPR, no visor, SPS30 7-inches from EPA 12 filter, round 1",2023-08-19 20:02:19.493159,1,GDSTIME 120mm Blower,False,,Starkvind EPA 12 (cut to fit),,/Users/eugaddan/Developer/breathesafe/python/air_cleaner_data/2023-08-19 15:30:21.451556.csv,75.0,False
2023-08-19 20:03:12.630070,7,"AirGo PAPR, no visor, SPS30 7-inches from EPA 12 filter, round 1",2023-08-19 20:03:51.089437,1,GDSTIME 120mm Blower,False,,Starkvind EPA 12 (cut to fit),,/Users/eugaddan/Developer/breathesafe/python/air_cleaner_data/2023-08-19 15:30:21.451556.csv,100.0,False
2023-08-19 20:07:21.530638,7,"AirGo PAPR, no visor, SPS30 7-inches from EPA 12 filter, round 1",2023-08-19 20:08:02.699210,1,GDSTIME 120mm Blower,False,,Starkvind EPA 12 (cut to fit),,/Users/eugaddan/Developer/breathesafe/python/air_cleaner_data/2023-08-19 15:30:21.451556.csv,100.0,True
2023-08-19 20:08:51.542449,7,"AirGo PAPR, no visor, SPS30 7-inches from EPA 12 filter, round 1",2023-08-19 20:09:16.664994,1,GDSTIME 120mm Blower,False,,Starkvind EPA 12 (cut to fit),,/Users/eugaddan/Developer/breathesafe/python/air_cleaner_data/2023-08-19 15:30:21.451556.csv,75.0,True
2023-08-19 20:09:40.961068,7,"AirGo PAPR, no visor, SPS30 7-inches from EPA 12 filter, round 1",2023-08-19 20:10:22.649707,1,GDSTIME 120mm Blower,False,,Starkvind EPA 12 (cut to fit),,/Users/eugaddan/Developer/breathesafe/python/air_cleaner_data/2023-08-19 15:30:21.451556.csv,50.0,True
2023-08-19 20:11:00.052548,7,"AirGo PAPR, no visor, SPS30 7-inches from EPA 12 filter, round 1",2023-08-19 20:11:31.886294,1,GDSTIME 120mm Blower,False,,Starkvind EPA 12 (cut to fit),,/Users/eugaddan/Developer/breathesafe/python/air_cleaner_data/2023-08-19 15:30:21.451556.csv,25.0,True
2023-08-19 20:11:00.052548,7,"AirGo PAPR, no visor, SPS30 7-inches from EPA 12 filter, round 1",2023-08-19 20:11:31.886294,1,GDSTIME 120mm Blower,False,,Starkvind EPA 12 (cut to fit),,/Users/eugaddan/Developer/breathesafe/python/air_cleaner_data/.personal-air-cleaner-experiments - Sheet1.csv.un~,25.0,True
,4,"AirGo FF, no competing airflow, 25%",,,GDSTIME 120mm Blower,False,,Starkvind EPA 12 (cut to fit),,/Users/eugaddan/Developer/breathesafe/python/air_cleaner_data/.personal-air-cleaner-experiments - Sheet1.csv.un~,,
2023-08-25 23:13:30.521781,4,"AirGo FF, no competing airflow, 25%",2023-08-25 23:14:29.091681,,GDSTIME 120mm Blower,False,,Starkvind EPA 12 (cut to fit),,/Users/eugaddan/Developer/breathesafe/python/air_cleaner_data/.personal-air-cleaner-experiments - Sheet1.csv.un~,25.0,
2023-08-25 23:15:53.321204,4,"AirGo FF, no competing airflow, 25%",2023-08-25 23:16:36.066045,,GDSTIME 120mm Blower,False,,Starkvind EPA 12 (cut to fit),,/Users/eugaddan/Developer/breathesafe/python/air_cleaner_data/.personal-air-cleaner-experiments - Sheet1.csv.un~,50.0,
2023-08-25 23:17:56.886802,4,"AirGo FF, no competing airflow, 25%",2023-08-25 23:16:36.066045,,GDSTIME 120mm Blower,False,,Starkvind EPA 12 (cut to fit),,/Users/eugaddan/Developer/breathesafe/python/air_cleaner_data/.personal-air-cleaner-experiments - Sheet1.csv.un~,75.0,
2023-08-28 18:15:46.023018,4,"AirGo QT3, 5 inches",2023-08-28 18:16:44.672345,0,GDSTIME 120mm Blower,False,,Starkvind EPA 12 (cut to fit),,/Users/eugaddan/Developer/breathesafe/python/air_cleaner_data/2023-08-28 14:07:20.250857.csv,100.0,0
2023-08-28 18:18:43.734822,4,"AirGo QT3, 5 inches",2023-08-28 18:19:52.748460,0,GDSTIME 120mm Blower,False,,Starkvind EPA 12 (cut to fit),,/Users/eugaddan/Developer/breathesafe/python/air_cleaner_data/2023-08-28 14:07:20.250857.csv,100.0,0
2023-08-28 18:20:44.822516,4,"AirGo QT3, 5 inches",2023-08-28 18:21:26.205384,0,GDSTIME 120mm Blower,False,,Starkvind EPA 12 (cut to fit),,/Users/eugaddan/Developer/breathesafe/python/air_cleaner_data/2023-08-28 14:07:20.250857.csv,100.0,0
2023-08-28 18:22:40.128983,4,"AirGo QT3, 5 inches",2023-08-28 18:23:11.842941,0,GDSTIME 120mm Blower,False,,Starkvind EPA 12 (cut to fit),,/Users/eugaddan/Developer/breathesafe/python/air_cleaner_data/2023-08-28 14:07:20.250857.csv,100.0,0
2023-08-28 18:24:50.530269,4,"AirGo QT3, 5 inches",2023-08-28 18:25:16.949316,0,GDSTIME 120mm Blower,False,,Starkvind EPA 12 (cut to fit),,/Users/eugaddan/Developer/breathesafe/python/air_cleaner_data/2023-08-28 14:07:20.250857.csv,100.0,0
2023-08-28 18:26:06.699062,4,"AirGo QT3, 5 inches",2023-08-28 18:27:18.322537,0,GDSTIME 120mm Blower,False,,Starkvind EPA 12 (cut to fit),,/Users/eugaddan/Developer/breathesafe/python/air_cleaner_data/2023-08-28 14:07:20.250857.csv,100.0,0
2023-08-28 18:28:40.786160,4,"AirGo QT3, 5 inches",2023-08-28 18:29:12.393463,0,GDSTIME 120mm Blower,False,,Starkvind EPA 12 (cut to fit),,/Users/eugaddan/Developer/breathesafe/python/air_cleaner_data/2023-08-28 14:07:20.250857.csv,100.0,0
2023-08-28 18:30:02.531045,4,"AirGo QT3, 5 inches",2023-08-28 18:31:07.228606,0,GDSTIME 120mm Blower,False,,Starkvind EPA 12 (cut to fit),,/Users/eugaddan/Developer/breathesafe/python/air_cleaner_data/2023-08-28 14:07:20.250857.csv,100.0,0
2023-08-28 18:32:03.187833,4,"AirGo QT3, 5 inches",2023-08-28 18:32:33.494017,0,GDSTIME 120mm Blower,False,,Starkvind EPA 12 (cut to fit),,/Users/eugaddan/Developer/breathesafe/python/air_cleaner_data/2023-08-28 14:07:20.250857.csv,75.0,0
2023-08-28 18:33:06.984213,4,"AirGo QT3, 5 inches",2023-08-28 18:33:34.534013,0,GDSTIME 120mm Blower,False,,Starkvind EPA 12 (cut to fit),,/Users/eugaddan/Developer/breathesafe/python/air_cleaner_data/2023-08-28 14:07:20.250857.csv,75.0,0
2023-08-28 18:34:38.518350,4,"AirGo QT3, 5 inches",2023-08-28 18:35:29.329204,0,GDSTIME 120mm Blower,False,,Starkvind EPA 12 (cut to fit),,/Users/eugaddan/Developer/breathesafe/python/air_cleaner_data/2023-08-28 14:07:20.250857.csv,75.0,0
2023-08-28 18:36:01.377998,4,"AirGo QT3, 5 inches",2023-08-28 18:36:30.555425,0,GDSTIME 120mm Blower,False,,Starkvind EPA 12 (cut to fit),,/Users/eugaddan/Developer/breathesafe/python/air_cleaner_data/2023-08-28 14:07:20.250857.csv,75.0,0
2023-08-28 18:37:13.673513,4,"AirGo QT3, 5 inches",2023-08-28 18:37:59.795867,0,GDSTIME 120mm Blower,False,,Starkvind EPA 12 (cut to fit),,/Users/eugaddan/Developer/breathesafe/python/air_cleaner_data/2023-08-28 14:07:20.250857.csv,75.0,0
2023-08-28 18:39:33.595902,4,"AirGo QT3, 5 inches",2023-08-28 18:40:12.584884,0,GDSTIME 120mm Blower,False,,Starkvind EPA 12 (cut to fit),,/Users/eugaddan/Developer/breathesafe/python/air_cleaner_data/2023-08-28 14:07:20.250857.csv,75.0,0
2023-08-28 18:40:46.589010,4,"AirGo QT3, 5 inches",2023-08-28 18:41:29.559228,0,GDSTIME 120mm Blower,False,,Starkvind EPA 12 (cut to fit),,/Users/eugaddan/Developer/breathesafe/python/air_cleaner_data/2023-08-28 14:07:20.250857.csv,75.0,0
2023-08-28 18:42:13.306667,4,"AirGo QT3, 5 inches",2023-08-28 18:42:55.034998,0,GDSTIME 120mm Blower,False,,Starkvind EPA 12 (cut to fit),,/Users/eugaddan/Developer/breathesafe/python/air_cleaner_data/2023-08-28 14:07:20.250857.csv,75.0,0
2023-08-28 18:43:20.556308,4,"AirGo QT3, 5 inches",2023-08-28 18:44:26.079903,0,GDSTIME 120mm Blower,False,,Starkvind EPA 12 (cut to fit),,/Users/eugaddan/Developer/breathesafe/python/air_cleaner_data/2023-08-28 14:07:20.250857.csv,75.0,0
2023-08-28 18:45:52.780716,4,"AirGo QT3, 5 inches",2023-08-28 18:46:29.341668,0,GDSTIME 120mm Blower,False,,Starkvind EPA 12 (cut to fit),,/Users/eugaddan/Developer/breathesafe/python/air_cleaner_data/2023-08-28 14:07:20.250857.csv,75.0,0
2023-08-29 13:12:11.313542,5,"AirGo QT3, 5 inches",2023-08-29 13:12:41.141705,0,GDSTIME 120mm Blower,False,,Starkvind EPA 12 (cut to fit),,/Users/eugaddan/Developer/breathesafe/python/air_cleaner_data/2023-08-29_09:06:29.406780.csv,50.0,0
2023-08-29 13:14:18.195847,5,"AirGo QT3, 5 inches",2023-08-29 13:14:57.066339,0,GDSTIME 120mm Blower,False,,Starkvind EPA 12 (cut to fit),,/Users/eugaddan/Developer/breathesafe/python/air_cleaner_data/2023-08-29_09:06:29.406780.csv,50.0,0
2023-08-29 13:15:45.005359,5,"AirGo QT3, 5 inches",2023-08-29 13:16:19.723413,0,GDSTIME 120mm Blower,False,,Starkvind EPA 12 (cut to fit),,/Users/eugaddan/Developer/breathesafe/python/air_cleaner_data/2023-08-29_09:06:29.406780.csv,50.0,0
2023-08-29 13:17:52.175040,5,"AirGo QT3, 5 inches",2023-08-29 13:18:21.704613,0,GDSTIME 120mm Blower,False,,Starkvind EPA 12 (cut to fit),,/Users/eugaddan/Developer/breathesafe/python/air_cleaner_data/2023-08-29_09:06:29.406780.csv,50.0,0
2023-08-29 13:19:19.111914,5,"AirGo QT3, 5 inches",2023-08-29 13:19:49.205724,0,GDSTIME 120mm Blower,False,,Starkvind EPA 12 (cut to fit),,/Users/eugaddan/Developer/breathesafe/python/air_cleaner_data/2023-08-29_09:06:29.406780.csv,50.0,0
2023-08-29 13:20:44.573206,5,"AirGo QT3, 5 inches",2023-08-29 13:21:17.577774,0,GDSTIME 120mm Blower,False,,Starkvind EPA 12 (cut to fit),,/Users/eugaddan/Developer/breathesafe/python/air_cleaner_data/2023-08-29_09:06:29.406780.csv,50.0,0
2023-08-29 13:21:58.778967,5,"AirGo QT3, 5 inches",2023-08-29 13:22:32.327238,0,GDSTIME 120mm Blower,False,,Starkvind EPA 12 (cut to fit),,/Users/eugaddan/Developer/breathesafe/python/air_cleaner_data/2023-08-29_09:06:29.406780.csv,50.0,0
2023-08-29 13:23:43.524421,5,"AirGo QT3, 5 inches",2023-08-29 13:24:12.274287,0,GDSTIME 120mm Blower,False,,Starkvind EPA 12 (cut to fit),,/Users/eugaddan/Developer/breathesafe/python/air_cleaner_data/2023-08-29_09:06:29.406780.csv,50.0,0
2023-08-29 13:25:18.544869,5,"AirGo QT3, 5 inches",2023-08-29 13:25:48.501009,0,GDSTIME 120mm Blower,False,,Starkvind EPA 12 (cut to fit),,/Users/eugaddan/Developer/breathesafe/python/air_cleaner_data/2023-08-29_09:06:29.406780.csv,50.0,0
2023-08-29 13:26:31.645996,5,"AirGo QT3, 5 inches",2023-08-29 13:26:56.717536,0,GDSTIME 120mm Blower,False,,Starkvind EPA 12 (cut to fit),,/Users/eugaddan/Developer/breathesafe/python/air_cleaner_data/2023-08-29_09:06:29.406780.csv,50.0,0
2023-08-29 13:27:56.404938,5,"AirGo QT3, 5 inches",2023-08-29 13:28:39.097230,0,GDSTIME 120mm Blower,False,,Starkvind EPA 12 (cut to fit),,/Users/eugaddan/Developer/breathesafe/python/air_cleaner_data/2023-08-29_09:06:29.406780.csv,50.0,0
2023-08-29 13:31:49.042783,5,"AirGo QT3, 5 inches",2023-08-29 13:32:22.587309,1,GDSTIME 120mm Blower,False,,Starkvind EPA 12 (cut to fit),,/Users/eugaddan/Developer/breathesafe/python/air_cleaner_data/2023-08-29_09:06:29.406780.csv,50.0,0
2023-08-29 13:33:42.562956,5,"AirGo QT3, 5 inches",2023-08-29 13:34:08.505489,1,GDSTIME 120mm Blower,False,,Starkvind EPA 12 (cut to fit),,/Users/eugaddan/Developer/breathesafe/python/air_cleaner_data/2023-08-29_09:06:29.406780.csv,50.0,0
2023-08-29 13:35:01.226665,5,"AirGo QT3, 5 inches",2023-08-29 13:35:25.677934,1,GDSTIME 120mm Blower,False,,Starkvind EPA 12 (cut to fit),,/Users/eugaddan/Developer/breathesafe/python/air_cleaner_data/2023-08-29_09:06:29.406780.csv,50.0,0
2023-08-29 13:35:45.536423,5,"AirGo QT3, 5 inches",2023-08-29 13:36:05.747453,1,GDSTIME 120mm Blower,False,,Starkvind EPA 12 (cut to fit),,/Users/eugaddan/Developer/breathesafe/python/air_cleaner_data/2023-08-29_09:06:29.406780.csv,50.0,0
2023-08-29 13:36:39.771863,5,"AirGo QT3, 5 inches",2023-08-29 13:37:02.632421,1,GDSTIME 120mm Blower,False,,Starkvind EPA 12 (cut to fit),,/Users/eugaddan/Developer/breathesafe/python/air_cleaner_data/2023-08-29_09:06:29.406780.csv,50.0,0
2023-08-29 13:37:36.713146,5,"AirGo QT3, 5 inches",2023-08-29 13:37:57.030747,1,GDSTIME 120mm Blower,False,,Starkvind EPA 12 (cut to fit),,/Users/eugaddan/Developer/breathesafe/python/air_cleaner_data/2023-08-29_09:06:29.406780.csv,50.0,0
2023-08-29 13:38:46.923401,5,"AirGo QT3, 5 inches",2023-08-29 13:39:05.714827,1,GDSTIME 120mm Blower,False,,Starkvind EPA 12 (cut to fit),,/Users/eugaddan/Developer/breathesafe/python/air_cleaner_data/2023-08-29_09:06:29.406780.csv,50.0,0
2023-08-29 13:39:21.685636,5,"AirGo QT3, 5 inches",2023-08-29 13:39:38.372417,1,GDSTIME 120mm Blower,False,,Starkvind EPA 12 (cut to fit),,/Users/eugaddan/Developer/breathesafe/python/air_cleaner_data/2023-08-29_09:06:29.406780.csv,50.0,0
2023-08-29 13:40:11.103907,5,"AirGo QT3, 5 inches",2023-08-29 13:40:33.869381,1,GDSTIME 120mm Blower,False,,Starkvind EPA 12 (cut to fit),,/Users/eugaddan/Developer/breathesafe/python/air_cleaner_data/2023-08-29_09:06:29.406780.csv,50.0,0
2023-08-29 13:40:55.918560,5,"AirGo QT3, 5 inches",2023-08-29 13:41:13.684225,1,GDSTIME 120mm Blower,False,,Starkvind EPA 12 (cut to fit),,/Users/eugaddan/Developer/breathesafe/python/air_cleaner_data/2023-08-29_09:06:29.406780.csv,50.0,0
2023-08-29 23:30:10.142120,5,"AirGo QT3, 5 inches",2023-08-29 23:30:37.286346,1,GDSTIME 120mm Blower,False,,Starkvind EPA 12 (cut to fit),,../air_cleaner_data/2023-08-29_19:28:03.265445.csv,50.0,1
2023-08-29 23:31:03.679555,5,"AirGo QT3, 5 inches",2023-08-29 23:31:27.771697,1,GDSTIME 120mm Blower,False,,Starkvind EPA 12 (cut to fit),,../air_cleaner_data/2023-08-29_19:28:03.265445.csv,50.0,1
2023-08-29 23:32:09.047992,5,"AirGo QT3, 5 inches",2023-08-29 23:32:31.506226,1,GDSTIME 120mm Blower,False,,Starkvind EPA 12 (cut to fit),,../air_cleaner_data/2023-08-29_19:28:03.265445.csv,50.0,1
2023-08-29 23:34:15.734144,5,"AirGo QT3, 5 inches",2023-08-29 23:34:46.567479,1,GDSTIME 120mm Blower,False,,Starkvind EPA 12 (cut to fit),,../air_cleaner_data/2023-08-29_19:28:03.265445.csv,50.0,1
2023-08-29 23:35:28.371621,5,"AirGo QT3, 5 inches",2023-08-29 23:35:56.632392,1,GDSTIME 120mm Blower,False,,Starkvind EPA 12 (cut to fit),,../air_cleaner_data/2023-08-29_19:28:03.265445.csv,50.0,1
2023-08-29 23:36:25.612330,5,"AirGo QT3, 5 inches",2023-08-29 23:36:56.228005,1,GDSTIME 120mm Blower,False,,Starkvind EPA 12 (cut to fit),,../air_cleaner_data/2023-08-29_19:28:03.265445.csv,50.0,1
2023-08-29 23:37:20.249296,5,"AirGo QT3, 5 inches",2023-08-29 23:37:49.292563,1,GDSTIME 120mm Blower,False,,Starkvind EPA 12 (cut to fit),,../air_cleaner_data/2023-08-29_19:28:03.265445.csv,50.0,1
2023-08-29 23:38:19.064819,5,"AirGo QT3, 5 inches",2023-08-29 23:38:51.518514,1,GDSTIME 120mm Blower,False,,Starkvind EPA 12 (cut to fit),,../air_cleaner_data/2023-08-29_19:28:03.265445.csv,50.0,1
2023-08-29 23:39:31.863839,5,"AirGo QT3, 5 inches",2023-08-29 23:39:58.127889,1,GDSTIME 120mm Blower,False,,Starkvind EPA 12 (cut to fit),,../air_cleaner_data/2023-08-29_19:28:03.265445.csv,50.0,1
2023-08-29 23:41:20.002271,5,"AirGo QT3, 5 inches",2023-08-29 23:41:46.666593,1,GDSTIME 120mm Blower,False,,Starkvind EPA 12 (cut to fit),,../air_cleaner_data/2023-08-29_19:28:03.265445.csv,50.0,1
2023-08-29 23:42:14.958699,5,"AirGo QT3, 5 inches",2023-08-29 23:42:43.631152,1,GDSTIME 120mm Blower,False,,Starkvind EPA 12 (cut to fit),,../air_cleaner_data/2023-08-29_19:28:03.265445.csv,50.0,1
2023-08-29 23:43:19.262477,5,"AirGo QT3, 5 inches",2023-08-29 23:43:40.700539,1,GDSTIME 120mm Blower,False,,Starkvind EPA 12 (cut to fit),,../air_cleaner_data/2023-08-29_19:28:03.265445.csv,50.0,1
2023-08-29 23:44:08.125249,5,"AirGo QT3, 5 inches",2023-08-29 23:44:35.100867,1,GDSTIME 120mm Blower,False,,Starkvind EPA 12 (cut to fit),,../air_cleaner_data/2023-08-29_19:28:03.265445.csv,50.0,1
